{
  "BTC": {
    "trades": 345,
    "wins": 124,
    "losses": 221,
    "win_rate": 35.94202898550725,
    "total_pnl": -999.999553839379,
    "total_pnl_pct": -99.9999553839379,
    "avg_trade": -2.89854943141849,
    "max_drawdown": 2464.332020010063,
    "max_dd_pct": 246.43320200100632,
    "profit_factor": 0.6951974013590533,
    "final_balance": 0.00044616062086107666
  },
  "ETH": {
    "trades": 29,
    "wins": 17,
    "losses": 12,
    "win_rate": 58.620689655172406,
    "total_pnl": 6619.558941121575,
    "total_pnl_pct": 661.9558941121575,
    "avg_trade": 228.2606531421233,
    "max_drawdown": 1859.2870482265503,
    "max_dd_pct": 185.92870482265502,
    "profit_factor": 3.477871231823095,
    "final_balance": 7619.558941121575
  },
  "SOL": {
    "trades": 9,
    "wins": 4,
    "losses": 5,
    "win_rate": 44.44444444444444,
    "total_pnl": -59.457498560294695,
    "total_pnl_pct": -5.94574985602947,
    "avg_trade": -6.606388728921633,
    "max_drawdown": 197.4321415020355,
    "max_dd_pct": 19.74321415020355,
    "profit_factor": 0.8312486445131405,
    "final_balance": 940.5425014397056
  },
  "XRP": {
    "trades": 11,
    "wins": 3,
    "losses": 8,
    "win_rate": 27.27272727272727,
    "total_pnl": -311.53967447557494,
    "total_pnl_pct": -31.153967447557495,
    "avg_trade": -28.32178858868863,
    "max_drawdown": 311.539674475575,
    "max_dd_pct": 31.153967447557502,
    "profit_factor": 0.3739010547115818,
    "final_balance": 688.460325524425
  },
  "BNB": null
}